frame,visible,u,v
0,1,2676.0,903.0
2,1,2691.0,858.0
4,1,2709.0,831.0
6,1,2697.0,642.0
8,1,2751.0,504.0
10,1,2817.0,405.0
11,1,2862.0,369.0
12,1,2904.0,324.0
13,1,2946.0,267.0
14,1,2979.0,240.0
15,1,3033.0,198.0
16,1,3069.0,171.0
17,1,3117.0,144.0
18,1,3144.0,126.0
20,1,3210.0,108.0
22,1,3267.0,111.0
23,1,3285.0,120.0
24,1,3321.0,141.0
26,1,3390.0,204.0
28,1,3465.0,288.0
30,1,3549.0,441.0
32,1,3639.0,630.0
34,1,3735.0,867.0
36,1,3816.0,1167.0
38,0,,
40,0,,
42,0,,
44,0,,
46,0,,
48,0,,
50,0,,
52,0,,
54,0,,
56,0,,
58,0,,
60,0,,
62,0,,
64,0,,
66,0,,
68,0,,
70,0,,
72,0,,
74,0,,
76,0,,
78,0,,
80,0,,
82,0,,
84,0,,
85,0,,
86,0,,
87,0,,
88,0,,
89,0,,
90,0,,
91,0,,
92,0,,
93,0,,
94,0,,
96,0,,
98,0,,
99,0,,
100,0,,
101,0,,
102,0,,
103,0,,
104,0,,
105,0,,
106,0,,
108,0,,
109,0,,
110,0,,
111,0,,
112,0,,
113,0,,
114,0,,
115,0,,
116,0,,
117,0,,
118,0,,
119,0,,
120,0,,
121,0,,
122,0,,
124,0,,
126,0,,
128,0,,
130,0,,
132,0,,
133,0,,
134,0,,
135,0,,
136,0,,
137,0,,
138,0,,
139,0,,
140,0,,
141,0,,
142,0,,
144,0,,
146,0,,
148,0,,
150,0,,
152,0,,
154,0,,
156,0,,
158,0,,
160,0,,
162,0,,
164,0,,
166,0,,
168,0,,
170,0,,
172,0,,
174,0,,
176,0,,
178,0,,
180,0,,
182,0,,
184,0,,
186,0,,
188,0,,
190,0,,
192,0,,
194,0,,
196,0,,
198,0,,
200,0,,
202,0,,
204,0,,
206,0,,
208,0,,
210,0,,
212,0,,
214,0,,
216,1,2232.0,2124.0
217,1,2124.0,1884.0
218,1,2028.0,1707.0
220,1,1887.0,1431.0
222,1,1788.0,1260.0
223,1,1734.0,1200.0
224,1,1695.0,1158.0
225,1,1707.0,1164.0
226,1,1632.0,1101.0
228,1,1587.0,1095.0
230,1,1554.0,1119.0
232,1,1527.0,1155.0
234,1,1500.0,1203.0
236,1,1482.0,1158.0
238,1,1467.0,1059.0
240,1,1455.0,978.0
242,1,1437.0,924.0
244,1,1440.0,897.0
245,1,1437.0,900.0
246,1,1427.8,903.7
247,1,1386.0,861.0
248,1,1365.0,858.0
249,1,1344.0,873.0
250,1,1338.0,873.0
251,1,1305.0,900.0
252,1,1290.0,918.0
254,1,1233.0,993.0
256,1,1185.0,1110.0
258,1,1134.0,1284.0
260,1,1080.0,1515.0
262,0,,
263,1,1224.0,1242.0
264,1,1260.0,1161.0
266,1,1344.0,1062.0
268,1,1377.0,999.0
270,1,1437.0,969.0
272,1,1479.0,951.0
274,1,1506.0,969.0
276,1,1527.0,1017.0
277,1,1521.0,1071.0
278,1,1515.0,1050.0
280,1,1497.0,1032.0
282,1,1494.0,1032.0
283,1,1488.0,1047.0
284,1,1479.0,1062.0
286,1,1464.0,1104.0
288,1,1470.0,1176.0
290,1,1452.0,1251.0
292,1,1449.0,1248.0
294,1,1410.0,1272.0
296,1,1428.0,1311.0
298,1,1419.0,1395.0
300,1,1398.0,1449.0
302,1,1386.0,1458.0
304,1,1365.0,1491.0
306,1,1365.0,1557.0
308,1,1341.0,1659.0
310,1,1326.0,1680.0
312,1,1305.0,1725.0
314,1,1302.0,1731.0
316,0,,
317,1,1278.5,1789.4
318,1,1275.0,1728.0
319,1,1290.0,1734.0
320,1,1296.0,1764.0
322,1,1290.0,1797.0
324,1,1311.0,1785.0
326,1,1323.0,1770.0
327,1,1314.0,1767.0
328,1,1314.0,1761.0
330,1,1314.0,1743.0
332,1,1332.0,1737.0
334,1,1338.0,1728.0
336,1,1344.0,1734.0
337,0,,
338,1,1326.0,1680.0
339,0,,
340,0,,
341,0,,
342,0,,
343,0,,
344,1,1363.1,1677.7
346,0,,
348,0,,
350,0,,
352,0,,
354,0,,
355,0,,
356,0,,
358,0,,
360,1,1212.0,1659.0
362,0,,
364,1,1206.0,1704.0
366,1,1230.0,1749.0
368,0,,
370,0,,
371,1,1185.0,1800.0
372,0,,
373,0,,
374,1,1110.0,1839.0
375,0,,
376,0,,
377,0,,
378,0,,
380,0,,
382,0,,
384,0,,
386,0,,
388,0,,
390,0,,
392,0,,
394,0,,
396,0,,
398,0,,
400,0,,
402,0,,
404,0,,
406,0,,
408,0,,
410,0,,
412,0,,
414,0,,
416,0,,
418,0,,
420,0,,
422,0,,
424,0,,
426,0,,
428,0,,
430,0,,
432,0,,
434,0,,
436,0,,
438,0,,
440,0,,
442,0,,
444,0,,
446,0,,
448,0,,
450,0,,
452,0,,
454,0,,
456,0,,
458,0,,
460,0,,
462,0,,
464,0,,
466,0,,
468,0,,
470,0,,
472,1,1197.0,2121.0
473,1,1254.0,1911.0
474,1,1329.0,1719.0
476,1,1428.0,1461.0
478,1,1524.0,1308.0
480,1,1554.0,1251.0
482,1,1644.0,1152.0
484,1,1692.0,1137.0
486,1,1734.0,1155.0
488,1,1767.0,1194.0
490,1,1794.0,1242.0
492,1,1809.0,1125.0
494,1,1818.0,1029.0
496,1,1821.0,966.0
498,1,1833.0,924.0
500,1,1836.0,903.0
501,1,1836.0,900.0
502,1,1842.0,900.0
503,1,1821.0,882.0
504,1,1791.0,855.0
505,1,1764.0,852.0
506,1,1734.0,852.0
507,1,1734.0,840.0
508,1,1659.0,837.0
510,1,1584.0,849.0
512,1,1488.0,894.0
514,1,1383.0,978.0
516,1,1287.0,1098.0
518,1,1203.0,1200.0
520,1,948.0,1599.0
522,1,735.0,1986.0
524,0,,
525,0,,
526,0,,
527,0,,
528,0,,
529,0,,
530,0,,
531,0,,
532,0,,
534,0,,
536,0,,
538,0,,
540,0,,
542,0,,
544,0,,
546,0,,
548,0,,
549,0,,
550,0,,
551,0,,
552,0,,
553,0,,
554,0,,
555,0,,
556,0,,
558,0,,
560,0,,
562,0,,
564,0,,
566,0,,
568,0,,
570,0,,
572,0,,
574,0,,
576,0,,
578,0,,
580,0,,
582,0,,
584,0,,
586,0,,
588,0,,
590,0,,
592,0,,
594,0,,
596,0,,
598,0,,
600,0,,
602,0,,
604,0,,
606,1,1701.0,2040.0
608,1,1848.0,1791.0
610,1,1932.0,1674.0
612,1,2031.0,1584.0
614,1,2100.0,1548.0
615,1,2106.0,1590.0
616,1,2124.0,1641.0
618,1,2157.0,1764.0
620,1,2166.0,1728.0
622,1,2181.0,1707.0
624,1,2202.0,1695.0
626,1,2208.0,1734.0
628,1,2229.0,1794.0
630,1,2247.0,1881.0
632,1,2268.0,1827.0
634,1,2301.0,1815.0
636,1,2313.0,1842.0
638,1,2331.0,1893.0
640,1,2355.0,1887.0
642,1,2376.0,1875.0
644,1,2391.0,1905.0
646,1,2415.0,1926.0
648,1,2433.0,1923.0
650,1,2454.0,1947.0
652,1,2466.0,1950.0
654,1,2484.0,1962.0
656,1,2511.0,1965.0
657,1,2523.0,1968.0
658,1,2538.0,1968.0
660,1,2559.0,1992.0
662,1,2571.0,1995.0
664,1,2601.0,1989.0
666,1,2616.0,2004.0
668,1,2598.0,2001.0
670,1,2568.0,2013.0
672,1,2568.0,2016.0
674,1,2532.0,2013.0
676,1,2523.0,2004.0
678,1,2523.0,2004.0
680,1,2502.0,2013.0
682,1,2430.0,2067.0
684,1,2376.0,2151.0
686,0,,
687,0,,
688,0,,
689,0,,
690,0,,
691,0,,
692,0,,
693,0,,
694,0,,
696,0,,
698,0,,
700,0,,
702,0,,
704,0,,
706,0,,
708,0,,
710,0,,
712,0,,
714,0,,
716,0,,
718,0,,
720,0,,
722,0,,
724,0,,
726,0,,
728,0,,
730,0,,
732,0,,
734,0,,
736,0,,
738,0,,
740,0,,
742,0,,
744,0,,
746,0,,
748,0,,
750,0,,
752,0,,
754,0,,
756,0,,
758,0,,
760,0,,
762,0,,
764,0,,
766,0,,
768,0,,
770,0,,
772,0,,
774,0,,
776,0,,
778,0,,
780,1,2154.0,2127.0
781,1,2064.0,1965.0
782,1,1983.0,1809.0
784,1,1881.0,1617.0
785,0,,
786,1,1794.0,1494.0
787,1,1797.0,1497.0
788,1,1734.0,1425.0
790,1,1698.0,1392.0
792,1,1656.0,1407.0
794,1,1623.0,1395.0
796,1,1611.0,1269.0
798,1,1584.0,1170.0
800,1,1575.0,1107.0
802,1,1551.0,1071.0
804,1,1545.0,1053.0
806,1,1530.0,1056.0
807,1,1545.0,1041.0
808,1,1593.0,1023.0
809,1,1611.0,1005.0
810,1,1638.0,993.0
811,1,1668.0,984.0
812,1,1713.0,990.0
814,1,1794.0,1005.0
816,1,1884.0,1059.0
818,1,1998.0,1152.0
820,1,2067.0,1221.0
822,1,2280.0,1488.0
824,1,2340.0,1686.0
826,1,1929.0,1473.0
828,1,1629.0,1350.0
830,1,1419.0,1269.0
832,1,1260.0,1254.0
834,1,1200.0,1248.0
836,1,1038.0,1155.0
838,1,972.0,1068.0
840,1,924.0,1008.0
842,1,1041.0,978.0
844,1,1152.0,954.0
846,1,1233.0,966.0
848,0,,
850,0,,
852,1,1458.0,1089.0
854,1,1500.0,1065.0
856,1,1542.0,1065.0
858,1,1578.0,1086.0
860,1,1620.0,1116.0
862,1,1647.0,1146.0
864,1,1731.0,1128.0
866,1,1773.0,1137.0
868,1,1818.0,1173.0
870,1,1866.0,1191.0
872,1,1905.0,1164.0
873,1,1884.0,1152.0
874,1,1866.0,1140.0
876,1,1833.0,1131.0
878,1,1791.0,1131.0
879,1,1794.0,1119.0
880,1,1758.0,1155.0
882,1,1728.0,1200.0
883,1,1707.0,1233.0
884,1,1698.0,1269.0
886,1,1683.0,1233.0
888,1,1683.0,1215.0
890,1,1698.0,1224.0
891,1,1698.0,1221.0
892,1,1701.0,1248.0
894,1,1704.0,1290.0
896,1,1701.0,1290.0
898,1,1704.0,1299.0
899,1,1716.0,1305.0
900,1,1719.0,1266.0
901,1,1716.0,1236.0
902,1,1728.0,1215.0
904,1,1728.0,1185.0
906,1,1731.0,1170.0
908,1,1734.0,1104.0
910,1,1734.0,1101.0
912,1,1734.0,1134.0
914,1,1710.0,1143.0
916,1,1710.0,1143.0
918,1,1713.0,1125.0
919,1,1731.0,1092.0
920,1,1713.0,1029.0
921,1,1686.0,972.0
922,1,1686.0,969.0
923,1,1653.0,852.0
924,1,1632.0,789.0
925,1,1614.0,738.0
926,1,1599.0,684.0
928,1,1551.0,621.0
930,1,1518.0,573.0
932,1,1479.0,561.0
934,1,1425.0,570.0
936,1,1359.0,624.0
937,1,1368.0,633.0
938,1,1308.0,732.0
940,1,1239.0,903.0
942,1,1209.0,1125.0
944,1,1122.0,1479.0
946,1,1071.0,1887.0
948,1,1038.0,2145.0
949,0,,
950,0,,
951,0,,
952,0,,
953,0,,
954,0,,
955,0,,
956,0,,
958,0,,
960,0,,
962,0,,
964,0,,
966,0,,
968,0,,
970,0,,
972,0,,
974,0,,
976,0,,
978,0,,
980,0,,
982,0,,
984,0,,
986,0,,
988,0,,
990,0,,
992,0,,
994,0,,
996,0,,
998,0,,
1000,0,,
1002,0,,
1004,0,,
1006,0,,
1008,0,,
1010,0,,
1012,0,,
1014,0,,
1016,0,,
1018,0,,
1020,0,,
1022,0,,
1024,0,,
1026,0,,
1028,0,,
1030,0,,
1032,0,,
1034,0,,
1036,0,,
1038,0,,
1040,0,,
1042,0,,
1044,0,,
1046,0,,
1048,0,,
1050,0,,
1052,1,1536.0,2157.0
1053,1,1659.0,1968.0
1054,1,1770.0,1791.0
1056,1,1956.0,1530.0
1058,1,2094.0,1374.0
1060,1,2205.0,1281.0
1062,1,2244.0,1248.0
1064,1,2361.0,1209.0
1066,1,2403.0,1203.0
1068,1,2466.0,1197.0
1070,1,2490.0,1101.0
1072,1,2514.0,1023.0
1074,1,2544.0,966.0
1076,1,2550.0,936.0
1077,1,2520.0,936.0
1078,1,2490.0,930.0
1080,1,2433.0,945.0
1082,1,2346.0,996.0
1084,1,2250.0,1065.0
1086,1,2133.0,1191.0
1088,1,1947.0,1389.0
1090,1,1557.0,1554.0
1091,0,,
1092,1,1137.0,1734.0
1094,1,720.0,2022.0
1096,0,,
1098,0,,
1099,0,,
1100,0,,
1101,0,,
1102,0,,
1103,0,,
1104,0,,
1105,0,,
1106,0,,
1108,0,,
1109,0,,
1110,0,,
1111,0,,
1112,0,,
1113,0,,
1114,0,,
1115,0,,
1116,0,,
1117,0,,
1118,0,,
1119,1,1881.0,1656.0
1120,0,,
1121,0,,
1122,0,,
1123,0,,
1124,0,,
1125,0,,
1126,0,,
1128,0,,
1130,0,,
1131,0,,
1132,0,,
1133,0,,
1134,0,,
1135,0,,
1136,0,,
1138,0,,
1140,0,,
1142,0,,
1144,0,,
1145,0,,
1146,0,,
1147,0,,
1148,0,,
1150,0,,
1152,0,,
1153,0,,
1154,0,,
1155,0,,
1156,0,,
1157,0,,
1158,0,,
1159,0,,
1160,0,,
1162,0,,
1163,0,,
1164,0,,
1165,0,,
1166,0,,
1167,0,,
1168,0,,
1170,0,,
1172,0,,
1174,0,,
1176,0,,
1178,0,,
1180,0,,
1181,0,,
1182,0,,
1183,0,,
1184,0,,
1185,0,,
1186,0,,
1187,0,,
1188,0,,
1189,0,,
1190,0,,
1192,0,,
1193,0,,
1194,0,,
1196,0,,
1198,0,,
1200,0,,
1202,0,,
1204,0,,
1206,0,,
1208,0,,
1210,0,,
1212,0,,
1213,0,,
1214,0,,
1216,0,,
1217,0,,
1218,0,,
1220,0,,
1222,0,,
1224,0,,
1226,0,,
1228,0,,
1230,0,,
1232,0,,
1234,0,,
1236,0,,
1238,0,,
1239,0,,
1240,0,,
1242,0,,
1244,0,,
1245,0,,
1246,0,,
1248,0,,
1250,0,,
1252,0,,
1254,0,,
1255,0,,
1256,0,,
1257,0,,
1258,0,,
1259,0,,
1260,0,,
1262,0,,
1264,0,,
1266,0,,
1267,0,,
1268,0,,
1269,0,,
1270,0,,
1272,0,,
1273,0,,
1274,0,,
1275,0,,
1276,0,,
1277,0,,
1278,0,,
1279,0,,
1280,0,,
1281,0,,
1282,0,,
1283,0,,
1284,0,,
1285,0,,
1286,0,,
1287,0,,
1288,0,,
1289,0,,
1290,0,,
1291,1,2124.0,2064.0
1292,1,2055.0,1875.0
1294,1,1950.0,1605.0
1295,1,1911.0,1509.0
1296,1,1878.0,1431.0
1297,1,1884.0,1431.0
1298,1,1833.0,1332.0
1299,1,1806.0,1302.0
1300,1,1785.0,1272.0
1302,1,1755.0,1263.0
1304,1,1734.0,1272.0
1306,1,1734.0,1266.0
1308,1,1728.0,1161.0
1310,1,1716.0,1068.0
1312,1,1713.0,1005.0
1314,1,1641.0,984.0
1316,1,1593.0,984.0
1317,1,1566.0,975.0
1318,1,1566.0,978.0
1320,1,1443.0,1038.0
1322,1,1359.0,1110.0
1324,1,1242.0,1272.0
1326,1,1110.0,1440.0
1328,1,1128.0,1374.0
1330,1,1161.0,1302.0
1332,1,1194.0,1251.0
1334,1,1203.0,1251.0
1336,1,1215.0,1284.0
1338,1,1224.0,1158.0
1340,1,1215.0,1059.0
1341,1,1224.0,1065.0
1342,1,1230.0,984.0
1344,1,1254.0,903.0
1345,1,1260.0,879.0
1346,1,1275.0,840.0
1347,1,1287.0,810.0
1348,1,1284.0,786.0
1350,1,1329.0,753.0
1352,1,1359.0,741.0
1354,1,1422.0,756.0
1356,1,1464.0,798.0
1358,1,1521.0,879.0
1359,1,1557.0,939.0
1360,1,1590.0,1002.0
1362,0,,
1364,1,1707.0,1029.0
1366,1,1764.0,1023.0
1368,1,1767.0,1041.0
1370,1,1800.0,1074.0
1372,1,1821.0,1152.0
1374,1,1824.0,1134.0
1375,1,1827.0,1062.0
1376,1,1824.0,996.0
1377,1,1830.0,999.0
1378,1,1824.0,906.0
1380,1,1842.0,843.0
1381,1,1842.0,813.0
1382,1,1842.0,783.0
1383,1,1848.0,768.0
1384,1,1851.0,756.0
1385,1,1854.0,750.0
1386,1,1854.0,732.0
1387,1,1854.0,720.0
1388,1,1860.0,717.0
1390,1,1860.0,744.0
1392,1,1860.0,765.0
1394,1,1878.0,801.0
1395,1,1887.0,807.0
1396,1,1899.0,813.0
1397,1,1926.0,822.0
1398,1,1953.0,849.0
1399,1,1980.0,876.0
1400,1,2010.0,918.0
1402,1,2076.0,1035.0
1403,1,2082.0,1032.0
1404,1,2172.0,1218.0
1406,1,2289.0,1461.0
1408,1,2433.0,1833.0
1410,0,,
1412,0,,
1413,0,,
1414,0,,
1415,1,2490.0,2058.0
1416,1,2439.0,1920.0
1418,1,2346.0,1716.0
1420,1,2265.0,1575.0
1422,0,,
1423,1,2175.0,1467.0
1424,1,2148.0,1452.0
1426,1,2097.0,1437.0
1428,1,2064.0,1461.0
1430,1,2049.0,1389.0
1432,1,2022.0,1281.0
1434,1,2016.0,1227.0
1436,1,1968.0,1149.0
1437,1,1944.0,1062.0
1438,1,1899.0,987.0
1440,1,1809.0,816.0
1441,1,1809.0,828.0
1442,1,1716.0,669.0
1444,1,1626.0,564.0
1446,1,1488.0,444.0
1448,1,1392.0,375.0
1449,1,1332.0,339.0
1450,1,1332.0,342.0
1451,1,1209.0,306.0
1452,1,1140.0,291.0
1453,1,1077.0,291.0
1454,1,999.0,306.0
1455,1,927.0,315.0
1456,1,846.0,363.0
1457,1,774.0,393.0
1458,1,684.0,462.0
1460,1,507.0,609.0
1462,1,345.0,822.0
1463,1,246.0,966.0
1464,1,156.0,1107.0
1465,1,84.0,1263.0
1466,1,6.0,1428.0
1467,0,,
1468,0,,
1469,0,,
1470,0,,
1472,0,,
1474,0,,
1476,0,,
1478,0,,
1480,0,,
1482,0,,
1484,0,,
1485,0,,
1486,0,,
1487,0,,
1488,0,,
1489,0,,
1490,0,,
1491,0,,
1492,0,,
1494,0,,
1496,0,,
1498,0,,
1500,0,,
1502,0,,
1504,0,,
1506,1,1299.0,990.0
1508,0,,
1510,0,,
1512,0,,
1514,0,,
1516,0,,
1517,0,,
1518,0,,
1519,0,,
1520,0,,
1521,0,,
1522,0,,
1523,0,,
1524,0,,
1526,0,,
1528,0,,
1530,0,,
1531,0,,
1532,0,,
1533,0,,
1534,0,,
1535,0,,
1536,0,,
1537,0,,
1538,0,,
1539,0,,
1540,0,,
1542,0,,
1543,0,,
1544,0,,
1545,0,,
1546,0,,
1547,0,,
1548,0,,
1550,0,,
1552,0,,
1554,0,,
1556,0,,
1557,0,,
1558,0,,
1560,0,,
1562,0,,
1564,0,,
1566,0,,
1568,0,,
1570,0,,
1572,0,,
1573,0,,
1574,0,,
1575,0,,
1576,0,,
1578,0,,
1579,0,,
1580,0,,
1581,0,,
1582,0,,
1583,0,,
1584,0,,
1585,0,,
1586,0,,
1588,0,,
1590,0,,
1591,0,,
1592,0,,
1593,0,,
1594,0,,
1596,0,,
1598,0,,
1600,0,,
1602,0,,
1604,0,,
1605,0,,
1606,0,,
1607,0,,
1608,0,,
1610,0,,
1612,0,,
1614,0,,
1616,0,,
1618,0,,
1619,0,,
1620,0,,
1621,0,,
1622,0,,
1623,0,,
1624,0,,
1625,0,,
1626,0,,
1627,0,,
1628,0,,
1629,0,,
1630,0,,
1632,0,,
1633,0,,
1634,0,,
1636,0,,
1637,0,,
1638,0,,
1639,0,,
1640,0,,
1641,0,,
1642,0,,
1644,1,2442.0,1650.0
1646,1,2295.0,1218.0
1648,1,2166.0,900.0
1650,1,2055.0,657.0
1652,1,1983.0,510.0
1653,0,,
1654,1,1899.0,408.0
1655,0,,
1656,1,1845.0,357.0
1657,1,1830.0,348.0
1658,1,1800.0,345.0
1659,1,1776.0,342.0
1660,1,1761.0,360.0
1661,1,1737.0,369.0
1662,1,1716.0,393.0
1663,1,1701.0,417.0
1664,1,1677.0,447.0
1666,1,1650.0,528.0
1668,1,1635.0,606.0
1670,1,1605.0,708.0
1672,1,1611.0,783.0
1673,0,,
1674,0,,
1675,0,,
1676,0,,
1677,0,,
1678,0,,
1679,0,,
1680,0,,
1682,0,,
1683,0,,
1684,0,,
1686,0,,
1688,0,,
1689,0,,
1690,0,,
1691,0,,
1692,0,,
1694,0,,
1696,0,,
1698,0,,
1699,0,,
1700,0,,
1702,0,,
1704,0,,
1705,0,,
1706,0,,
1707,0,,
1708,0,,
1709,0,,
1710,0,,
1711,0,,
1712,0,,
1714,1,3333.0,1998.0
1716,1,3120.0,1716.0
1718,1,2760.0,1323.0
1720,1,2535.0,1098.0
1722,1,2316.0,945.0
1724,1,2172.0,867.0
1726,1,2061.0,834.0
1728,1,1956.0,840.0
1730,1,1887.0,888.0
1731,1,1857.0,903.0
1732,1,1821.0,933.0
1734,1,1770.0,990.0
1735,1,1749.0,1047.0
1736,1,1728.0,1086.0
1737,1,1704.0,1122.0
1738,1,1686.0,1167.0
1739,0,,
1740,1,1656.0,1116.0
1742,1,1644.0,1023.0
1744,1,1620.0,918.0
1746,1,1611.0,888.0
1747,0,,
1748,0,,
1749,0,,
1750,1,1584.0,879.0
1751,0,,
1752,0,,
1753,1,1572.0,912.0
1754,0,,
1756,0,,
1758,1,1515.0,984.0
1760,1,1497.0,1038.0
1762,1,1479.0,1083.0
1764,1,1464.0,1029.0
1766,1,1443.0,1002.0
1768,1,1446.0,969.0
1770,1,1422.0,993.0
1772,1,1410.0,1008.0
1774,1,1398.0,1056.0
1776,1,1392.0,1083.0
1778,1,1365.0,1029.0
1780,1,1359.0,1026.0
1781,1,1356.0,1026.0
1782,1,1350.0,1029.0
1783,1,1344.0,1041.0
1784,1,1341.0,1059.0
1786,1,1329.0,1050.0
1788,1,1323.0,1071.0
1790,1,1293.0,1035.0
1791,1,1302.0,1053.0
1792,1,1293.0,1044.0
1794,1,1293.0,1071.0
1796,1,1284.0,1053.0
1798,1,1260.0,1062.0
1799,1,1263.0,1074.0
1800,1,1260.0,1071.0
1801,1,1254.0,1059.0
1802,1,1251.0,1065.0
1803,1,1245.0,1059.0
1804,1,1236.0,1062.0
1805,1,1233.0,1068.0
1806,1,1227.0,1062.0
1807,1,1221.0,1059.0
1808,1,1221.0,1062.0
1809,1,1512.0,843.0
1810,0,,
1811,0,,
1812,0,,
1813,0,,
1814,0,,
1815,0,,
1816,0,,
1818,0,,
1820,0,,
1822,0,,
1824,0,,
1826,1,1515.0,828.0
1827,1,1518.0,846.0
1828,1,1524.0,903.0
1829,1,1524.0,882.0
1830,0,,
1831,1,1521.0,1008.0
1832,1,1515.0,1053.0
1834,1,1518.0,1116.0
1836,1,1503.0,1032.0
1838,0,,
1840,1,1497.0,951.0
1841,1,1497.0,948.0
1842,1,1497.0,939.0
1843,0,,
1844,1,1539.0,924.0
1845,1,1584.0,903.0
1846,1,1611.0,897.0
1847,1,1662.0,888.0
1848,0,,
1849,1,1758.0,900.0
1850,1,1815.0,903.0
1851,1,1872.0,933.0
1852,1,1935.0,966.0
1853,1,2013.0,1008.0
1854,1,2097.0,1059.0
1856,1,2268.0,1218.0
1858,1,2481.0,1425.0
1860,1,2745.0,1755.0
1862,0,,
1863,0,,
1864,0,,
1865,0,,
1866,0,,
1867,0,,
1868,0,,
1869,0,,
1870,0,,
1872,0,,
1874,0,,
1876,0,,
1878,0,,
1879,0,,
1880,0,,
1882,1,3687.0,1017.0
1883,1,3489.0,780.0
1884,1,3321.0,537.0
1885,1,3159.0,351.0
1886,1,3024.0,225.0
1887,1,2886.0,105.0
1888,1,2760.0,12.0
1889,0,,
1890,0,,
1891,0,,
1892,0,,
1893,0,,
1894,0,,
1896,0,,
1897,0,,
1898,0,,
1899,0,,
1900,0,,
1901,0,,
1902,1,1941.0,6.0
1903,1,1905.0,36.0
1904,1,1884.0,90.0
1905,1,1863.0,135.0
1906,1,1827.0,195.0
1907,1,1806.0,246.0
1908,1,1785.0,309.0
1910,1,1749.0,435.0
1912,1,1713.0,555.0
1914,1,1686.0,678.0
1915,1,1674.0,756.0
1916,1,1662.0,825.0
1917,1,1644.0,897.0
1918,1,1635.0,951.0
1920,1,1614.0,999.0
1922,1,1614.0,945.0
1923,0,,
1924,1,1596.0,900.0
1925,0,,
1926,1,1587.0,879.0
1927,1,1578.0,873.0
1928,1,1569.0,867.0
1929,1,1566.0,873.0
1930,0,,
1932,1,1539.0,930.0
1934,1,1536.0,999.0
1936,1,1527.0,1071.0
1938,1,1509.0,1200.0
1940,1,1503.0,1239.0
1942,1,1485.0,1230.0
1944,1,1467.0,1188.0
1946,1,1449.0,1218.0
1948,1,1431.0,1251.0
1950,1,1407.0,1302.0
1952,1,1392.0,1392.0
1954,1,1389.0,1509.0
1956,1,1359.0,1521.0
1958,1,1341.0,1524.0
1960,1,1317.0,1515.0
1962,0,,
1964,1,1293.0,1647.0
1966,1,1260.0,1737.0
1968,1,1236.0,1752.0
1970,1,1242.0,1701.0
1972,1,1236.0,1683.0
1974,1,1245.0,1695.0
1976,1,1251.0,1728.0
1978,1,1251.0,1764.0
1980,1,1260.0,1731.0
1982,1,1251.0,1734.0
1984,1,1245.0,1743.0
1986,1,1272.0,1770.0
1988,1,1266.0,1758.0
1990,1,1269.0,1752.0
1992,0,,
1994,0,,
1996,0,,
1997,0,,
1998,0,,
2000,0,,
2002,0,,
2004,0,,
2006,0,,
2007,0,,
2008,0,,
2009,1,1288.9,1731.2
2010,0,,
2012,0,,
2014,0,,
2016,0,,
2017,0,,
2018,0,,
2019,1,1289.3,1733.7
2020,0,,
2022,1,1383.0,930.0
2024,0,,
2025,0,,
2026,0,,
2027,0,,
2028,0,,
2030,0,,
2032,0,,
2034,0,,
2036,0,,
2037,1,1539.0,939.0
2038,0,,
2040,0,,
2042,1,1608.0,939.0
2044,0,,
2046,0,,
2047,0,,
2048,0,,
2049,1,1704.3,945.0
2050,0,,
2052,1,1728.0,936.0
2054,0,,
2056,0,,
2057,1,1758.0,945.0
2058,0,,
2060,0,,
2062,1,1845.0,945.0
2064,0,,
2066,0,,
2067,1,1881.0,954.0
2068,0,,
2070,0,,
2071,0,,
2072,0,,
2074,0,,
2075,0,,
2076,0,,
2077,0,,
2078,0,,
2080,0,,
2082,0,,
2083,1,2121.0,954.0
2084,0,,
2086,0,,
2088,0,,
2090,1,2166.0,981.0
2092,0,,
2094,0,,
2095,1,2196.0,984.0
2096,0,,
2097,0,,
2098,0,,
2100,1,2286.0,990.0
2101,1,2304.0,987.0
2102,0,,
2104,0,,
2105,1,2334.0,996.0
2106,0,,
2107,1,2316.0,993.0
2108,0,,
2110,1,2316.0,1002.0
2112,0,,
2114,0,,
2115,1,2286.0,981.0
2116,0,,
2118,0,,
2120,1,2280.0,969.0
2122,1,2277.0,957.0
2124,1,2274.0,969.0
2126,1,2262.0,972.0
2128,1,2229.0,933.0
2130,1,2199.0,921.0
2132,1,2196.0,876.0
2134,1,2205.0,870.0
2135,1,2199.0,846.0
2136,1,2196.0,810.0
2138,1,2178.0,810.0
2140,1,2184.0,801.0
2142,1,2184.0,810.0
2144,1,2184.0,849.0
2146,1,2184.0,897.0
2148,1,2169.0,996.0
2150,1,2166.0,1068.0
2152,1,2172.0,1098.0
2154,1,2160.0,1032.0
2156,1,2166.0,975.0
2158,1,2160.0,984.0
2160,1,2124.0,960.0
2162,1,2064.0,978.0
2164,1,2004.0,1041.0
2166,1,1923.0,1110.0
2168,1,1812.0,1239.0
2170,1,1692.0,1443.0
2172,1,1614.0,1566.0
2174,1,1584.0,1671.0
2176,1,1554.0,1770.0
2178,1,1527.0,1683.0
2180,1,1518.0,1590.0
2182,0,,
2184,1,1479.0,1527.0
2186,0,,
2188,0,,
2190,1,1455.0,1656.0
2192,1,1407.0,1581.0
2194,0,,
2196,1,1392.0,1515.0
2198,1,1389.0,1539.0
2200,1,1377.0,1569.0
2202,0,,
2204,1,1359.0,1515.0
2206,0,,
2207,0,,
2208,0,,
2210,0,,
2211,0,,
2212,0,,
2214,0,,
2216,1,1362.0,1473.0
2218,0,,
2220,0,,
2221,0,,
2222,0,,
2223,0,,
2224,0,,
2225,0,,
2226,0,,
2228,0,,
2230,0,,
2232,0,,
2234,0,,
2235,0,,
2236,0,,
2237,0,,
2238,0,,
2240,0,,
2241,0,,
2242,0,,
2243,0,,
2244,0,,
2246,0,,
2248,0,,
2250,0,,
2252,0,,
2254,0,,
2256,0,,
2258,0,,
2260,0,,
2262,0,,
2264,0,,
2266,0,,
2268,0,,
2270,0,,
2272,0,,
2274,0,,
2276,0,,
2278,0,,
2280,0,,
2282,0,,
2284,0,,
2286,0,,
2288,0,,
2290,0,,
2292,0,,
2294,0,,
2296,0,,
2298,0,,
2300,0,,
2302,1,2169.0,1704.0
2304,0,,
2305,0,,
2306,0,,
2308,0,,
2310,0,,
2312,0,,
2314,0,,
2316,0,,
2318,0,,
2320,0,,
2322,0,,
2323,0,,
2324,1,2211.0,1767.0
2326,0,,
2328,1,2097.0,933.0
2330,0,,
2332,0,,
2333,1,2094.0,876.0
2334,0,,
2336,0,,
2338,0,,
2340,0,,
2342,1,2088.0,804.0
2344,1,2088.0,840.0
2346,1,2076.0,891.0
2348,1,2094.0,960.0
2350,1,2100.0,1041.0
2352,0,,
2353,1,2094.0,1026.0
2354,1,2100.0,1059.0
2356,1,2094.0,999.0
2358,1,2094.0,966.0
2360,1,2094.0,966.0
2362,1,2073.0,951.0
2364,1,2007.0,945.0
2366,1,1923.0,963.0
2368,1,1845.0,999.0
2370,1,1722.0,1074.0
2372,1,1608.0,1206.0
2374,1,1479.0,1383.0
2376,1,1287.0,1632.0
2378,1,1101.0,1980.0
2380,0,,
2382,0,,
2384,0,,
2386,0,,
2388,0,,
2389,0,,
2390,0,,
2392,0,,
2394,0,,
2396,0,,
2398,1,207.0,1983.0
2400,1,576.0,1287.0
2402,1,882.0,765.0
2404,1,1176.0,390.0
2406,1,1425.0,129.0
2407,0,,
2408,0,,
2409,0,,
2410,0,,
2412,0,,
2414,0,,
2416,0,,
2418,0,,
2419,0,,
2420,0,,
2422,1,2358.0,15.0
2424,1,2427.0,108.0
2426,1,2475.0,219.0
2428,1,2520.0,336.0
2430,1,2568.0,462.0
2432,1,2601.0,594.0
2434,1,2637.0,726.0
2436,1,2667.0,858.0
2437,1,2700.0,975.0
2438,1,2697.0,1017.0
2440,1,2718.0,897.0
2442,1,2745.0,834.0
2444,1,2763.0,774.0
2446,1,2793.0,750.0
2448,1,2781.0,717.0
2450,1,2775.0,726.0
2452,1,2769.0,753.0
2454,1,2760.0,783.0
2456,1,2754.0,831.0
2458,1,2742.0,903.0
2460,1,2844.0,903.0
2462,1,2925.0,921.0
2464,1,2919.0,963.0
2466,1,2928.0,1023.0
2468,1,2922.0,1116.0
2470,1,2925.0,1224.0
2472,1,2910.0,1359.0
2474,1,2919.0,1467.0
2476,1,2931.0,1422.0
2478,1,2943.0,1422.0
2480,1,2961.0,1437.0
2482,1,2958.0,1488.0
2484,1,2964.0,1551.0
2486,0,,
2488,0,,
2490,0,,
2492,1,2883.0,1725.0
2494,1,2844.0,1764.0
2496,1,2814.0,1731.0
2498,1,2793.0,1728.0
2500,1,2778.0,1725.0
2502,1,2751.0,1704.0
2504,1,2724.0,1686.0
2506,1,2718.0,1683.0
2508,1,2691.0,1683.0
2510,1,2670.0,1668.0
2512,1,2661.0,1650.0
2514,1,2625.0,1635.0
2516,1,2619.0,1650.0
2518,1,2610.0,1626.0
2520,1,2583.0,1626.0
2522,1,2574.0,1608.0
2524,1,2556.0,1608.0
2526,0,,
2528,0,,
2530,1,2256.0,900.0
2532,0,,
2534,0,,
2536,1,2187.0,891.0
2538,1,2166.0,933.0
2539,1,2166.0,870.0
2540,0,,
2542,0,,
2544,0,,
2546,0,,
2548,0,,
2550,0,,
2552,0,,
2554,0,,
2555,1,2073.0,1557.0
2556,0,,
2558,0,,
2560,0,,
2562,0,,
2564,0,,
2566,0,,
2568,0,,
2570,0,,
2572,0,,
2574,0,,
2576,0,,
2578,1,1926.0,1347.0
2580,0,,
2582,0,,
2584,0,,
2586,0,,
2587,0,,
2588,0,,
2590,0,,
2592,0,,
2594,0,,
2596,0,,
2598,0,,
2600,0,,
2602,0,,
2604,0,,
2606,0,,
2608,0,,
2610,0,,
2612,0,,
2614,0,,
2616,0,,
2618,0,,
2620,0,,
2622,0,,
2624,1,1617.0,1428.0
2626,0,,
2628,0,,
2630,0,,
2632,0,,
2633,0,,
2634,0,,
2636,0,,
2638,0,,
2640,0,,
2642,0,,
2644,0,,
2646,0,,
2648,0,,
2650,0,,
2652,1,1851.0,957.0
2654,0,,
2655,1,1890.0,978.0
2656,1,1884.0,972.0
2657,1,1878.0,975.0
2658,0,,
2660,1,1833.0,987.0
2661,1,1824.0,969.0
2662,1,1818.0,978.0
2663,1,1788.0,972.0
2664,0,,
2666,0,,
2668,0,,
2670,1,1671.0,966.0
2671,1,1686.0,966.0
2672,0,,
2673,1,1647.0,954.0
2674,0,,
2676,0,,
2677,1,1587.0,909.0
2678,1,1584.0,894.0
2680,0,,
2682,1,1560.0,837.0
2684,0,,
2686,0,,
2688,0,,
2690,0,,
2692,1,1563.0,888.0
2694,1,1551.0,972.0
2695,1,1554.0,1098.0
2696,1,1542.0,1062.0
2698,1,1545.0,1107.0
2700,1,1566.0,1038.0
2702,1,1539.0,987.0
2704,1,1536.0,963.0
2705,1,1542.0,960.0
2706,1,1542.0,954.0
2707,1,1557.0,951.0
2708,1,1590.0,969.0
2710,1,1656.0,999.0
2712,1,1734.0,1071.0
2714,1,1815.0,1173.0
2716,1,1932.0,1341.0
2718,1,2067.0,1584.0
2720,1,2226.0,1884.0
2722,0,,
2723,0,,
2724,0,,
2725,0,,
2726,0,,
2727,0,,
2728,0,,
2729,0,,
2730,0,,
2732,0,,
2734,0,,
2736,1,2544.0,2151.0
2738,1,2274.0,1872.0
2739,1,2166.0,1770.0
2740,1,2061.0,1659.0
2742,0,,
2744,1,1857.0,1647.0
2746,1,1809.0,1782.0
2748,1,1791.0,1737.0
2750,1,1764.0,1704.0
2752,1,1719.0,1719.0
2754,1,1683.0,1749.0
2756,1,1644.0,1809.0
2758,1,1611.0,1923.0
2760,1,1575.0,1956.0
2762,1,1539.0,1929.0
2764,1,1500.0,1953.0
2766,1,1464.0,1989.0
2768,1,1413.0,2061.0
2770,1,1395.0,2088.0
2772,1,1338.0,2091.0
2773,1,762.0,1743.0
2774,1,702.0,1986.0
2776,1,852.0,1494.0
2778,1,996.0,1212.0
2780,1,1107.0,993.0
2782,1,1215.0,843.0
2784,1,1308.0,762.0
2786,1,1398.0,753.0
2788,1,1467.0,738.0
2790,1,1533.0,789.0
2791,1,1554.0,810.0
2792,1,1590.0,837.0
2793,1,1602.0,879.0
2794,1,1611.0,930.0
2796,1,1674.0,1035.0
2798,1,1713.0,1140.0
2800,1,1746.0,1260.0
2801,1,1761.0,1251.0
2802,1,1764.0,1173.0
2804,1,1776.0,1050.0
2806,1,1806.0,948.0
2808,1,1845.0,918.0
2809,1,1863.0,912.0
2810,1,1884.0,912.0
2811,1,1899.0,918.0
2812,1,1929.0,924.0
2814,1,1956.0,966.0
2816,1,1995.0,1011.0
2818,1,2028.0,1086.0
2820,1,2067.0,1065.0
2822,1,2091.0,1002.0
2824,1,2121.0,945.0
2826,1,2148.0,930.0
2828,0,,
2830,0,,
2831,0,,
2832,0,,
2833,0,,
2834,0,,
2835,0,,
2836,1,2265.0,1005.0
2838,1,2289.0,969.0
2839,1,2301.0,969.0
2840,1,2304.0,960.0
2841,1,2322.0,954.0
2842,1,2319.0,957.0
2844,1,2343.0,987.0
2846,1,2358.0,1005.0
2847,1,2382.0,1008.0
2848,1,2385.0,996.0
2849,1,2394.0,993.0
2850,1,2394.0,987.0
2852,1,2403.0,999.0
2854,1,2418.0,1029.0
2856,1,2445.0,1011.0
2857,1,2454.0,1017.0
2858,1,2456.3,1020.9
2859,1,2457.0,1035.0
2860,0,,
2861,1,2463.0,1023.0
2862,0,,
2864,0,,
2866,0,,
2868,0,,
2870,0,,
2871,0,,
2872,1,2490.0,945.0
2873,0,,
2874,0,,
2875,1,2484.0,948.0
2876,0,,
2877,1,2484.0,945.0
2878,0,,
2880,0,,
2882,0,,
2883,1,2406.0,933.0
2884,0,,
2886,0,,
2888,0,,
2889,0,,
2890,0,,
2891,1,2361.0,933.0
2892,0,,
2893,1,2361.0,933.0
2894,0,,
2895,1,2355.0,948.0
2896,0,,
2897,1,2340.0,933.0
2898,0,,
2899,1,2331.0,945.0
2900,0,,
2902,0,,
2904,0,,
2906,0,,
2908,1,2214.0,840.0
2910,0,,
2912,0,,
2914,0,,
2916,0,,
2918,1,2187.0,804.0
2919,1,2190.0,813.0
2920,1,2184.0,825.0
2921,1,2178.0,864.0
2922,1,2184.0,903.0
2924,1,2172.0,972.0
2926,1,2172.0,1062.0
2927,0,,
2928,1,2169.0,1080.0
2930,1,2166.0,1017.0
2932,1,2154.0,990.0
2934,1,2154.0,951.0
2935,1,2154.0,936.0
2936,1,2148.0,957.0
2938,1,2040.0,924.0
2940,1,1929.0,921.0
2942,1,1782.0,963.0
2944,1,1638.0,1023.0
2946,1,1398.0,1122.0
2948,1,1182.0,1311.0
2950,1,876.0,1587.0
2952,1,525.0,1965.0
2954,0,,
2955,0,,
2956,0,,
2957,0,,
2958,0,,
2959,0,,
2960,0,,
2961,0,,
2962,0,,
2963,0,,
2964,0,,
2966,0,,
2967,0,,
2968,0,,
2969,0,,
2970,0,,
2972,0,,
2974,0,,
2976,0,,
2977,0,,
2978,0,,
2979,0,,
2980,0,,
2981,0,,
2982,0,,
2984,0,,
2985,0,,
2986,0,,
2988,0,,
2989,0,,
2990,0,,
2991,0,,
2992,0,,
2994,0,,
2995,0,,
2996,0,,
2998,0,,
3000,0,,
3001,0,,
3002,0,,
3003,0,,
3004,0,,
3005,0,,
3006,0,,
3007,0,,
3016,0,,
3017,0,,
3018,0,,
3019,0,,
3025,0,,
3026,0,,
3027,0,,
3030,0,,
3032,0,,
3034,0,,
3035,0,,
3036,0,,
3037,0,,
3038,1,1866.0,1212.0
3041,0,,
3065,1,1779.0,795.0
3067,1,1938.0,981.0
3076,1,2106.0,1068.0
3080,1,2166.0,882.0
3081,1,2175.0,843.0
3092,1,2298.0,864.0
3102,1,2391.0,879.0
3103,1,2388.0,867.0
3160,0,,
3161,0,,
3165,0,,
3166,0,,
3169,1,2115.0,846.0
3170,1,2115.0,825.0
3171,1,2109.0,855.0
3173,1,2109.0,888.0
3174,1,2112.0,927.0
3178,1,2112.0,945.0
3179,0,,
3180,0,,
3181,1,2109.0,1053.0
3186,1,2094.0,963.0
3187,1,2103.0,927.0
3188,1,2085.0,963.0
3189,1,2076.0,969.0
3206,0,,
3207,0,,
3208,0,,
3209,0,,
3210,0,,
3211,0,,
3212,0,,
3213,0,,
3219,0,,
3221,1,648.0,1773.0
3228,1,1515.0,372.0
3229,1,1605.0,282.0
3230,1,1692.0,198.0
3231,1,1914.0,51.0
3232,1,1851.0,81.0
3233,1,1926.0,54.0
3234,1,1980.0,30.0
3235,1,2046.0,12.0
3236,0,,
3237,1,2145.0,18.0
3242,1,2364.0,141.0
3243,1,2403.0,192.0
3244,1,2439.0,222.0
3245,1,2469.0,276.0
3246,1,2496.0,327.0
3247,1,2520.0,384.0
3248,1,2601.0,567.0
3252,1,2646.0,699.0
3253,1,2622.0,663.0
3256,1,2526.0,453.0
3257,1,2409.0,279.0
3258,1,2451.0,330.0
3259,1,2412.0,276.0
3260,1,2364.0,228.0
3261,1,2316.0,186.0
3262,1,2277.0,135.0
3263,1,2220.0,108.0
3292,1,1374.0,669.0
3302,1,1629.0,708.0
3303,1,1668.0,726.0
3304,1,1680.0,759.0
3305,1,1704.0,795.0
3306,1,1722.0,825.0
3307,1,1743.0,873.0
3312,1,1806.0,984.0
3313,1,1806.0,930.0
3314,1,1809.0,894.0
3315,1,1812.0,867.0
3316,1,1812.0,843.0
3317,1,1824.0,825.0
3318,1,1824.0,807.0
3319,1,1827.0,795.0
3322,1,1842.0,804.0
3326,1,1839.0,813.0
3327,1,1839.0,810.0
3328,1,1845.0,798.0
3329,1,1848.0,786.0
3332,1,1857.0,828.0
3333,1,1860.0,855.0
3338,1,1914.0,1227.0
3340,1,1965.0,1575.0
3342,1,2040.0,2094.0
3343,0,,
3344,0,,
3345,0,,
3346,0,,
3347,0,,
3348,0,,
3349,0,,
3350,0,,
3353,0,,
3354,0,,
3355,0,,
3356,0,,
3362,0,,
3365,0,,
3366,0,,
3368,0,,
3379,0,,
3380,0,,
3384,0,,
3385,0,,
3386,0,,
3387,0,,
3389,1,2400.0,1986.0
3391,1,2091.0,1332.0
3394,1,1809.0,867.0
3395,0,,
3396,1,1821.0,864.0
3401,1,1659.0,783.0
3403,1,1614.0,798.0
3404,1,1599.0,816.0
3406,1,1569.0,870.0
3407,1,1545.0,972.0
3408,1,1554.0,942.0
3409,1,1548.0,972.0
3415,0,,
3416,0,,
3417,1,1464.0,867.0
3418,1,1461.0,864.0
3419,1,1467.0,867.0
3420,1,1464.0,867.0
3421,1,1461.0,876.0
3425,1,1467.0,918.0
3426,1,1467.0,933.0
3427,1,1470.0,939.0
3428,1,1455.0,942.0
3429,1,1446.0,954.0
3430,1,1434.0,945.0
3431,1,1434.0,945.0
3432,1,1431.0,963.0
3468,1,1626.0,939.0
3477,1,1614.0,960.0
3489,1,1554.0,858.0
3490,1,1554.0,813.0
3491,1,1566.0,831.0
3503,1,1560.0,1131.0
3508,1,1557.0,1059.0
3511,1,1554.0,981.0
3512,1,1557.0,972.0
3513,1,1557.0,963.0
3514,1,1554.0,954.0
3515,1,1569.0,948.0
3516,1,1602.0,921.0
3517,0,,
3518,1,1674.0,909.0
3519,1,1719.0,903.0
3532,1,2742.0,1911.0
3533,1,2874.0,2127.0
3534,0,,
3535,0,,
3536,0,,
3537,0,,
3538,0,,
3539,0,,
3540,0,,
3541,0,,
3545,0,,
3547,0,,
3548,0,,
3550,0,,
3551,0,,
3553,1,3654.0,1251.0
3559,1,3087.0,576.0
3560,1,3024.0,525.0
3561,1,2964.0,492.0
3562,1,2907.0,468.0
3571,1,2574.0,630.0
3576,1,2388.0,600.0
3588,1,1992.0,711.0
3589,0,,
3595,1,1671.0,1314.0
3638,0,,
3639,0,,
3640,0,,
3641,0,,
3642,0,,
3643,0,,
3645,0,,
3675,0,,
3678,0,,
3689,0,,
3690,0,,
3701,0,,
3725,0,,
3727,0,,
3736,0,,
3737,0,,
3772,0,,
3788,0,,
3808,1,2142.0,894.0
3813,1,2133.0,990.0
3814,1,2136.0,1044.0
3815,0,,
3821,1,2157.0,978.0
3822,1,2154.0,963.0
3823,1,2154.0,951.0
3839,1,1299.0,1776.0
3840,1,1191.0,1962.0
3841,1,1086.0,2148.0
3842,0,,
3843,0,,
3844,0,,
3847,0,,
3853,0,,
3854,0,,
3855,0,,
3856,0,,
3857,0,,
3858,0,,
3859,0,,
3861,1,306.0,921.0
3864,1,372.0,783.0
3865,1,471.0,678.0
3866,1,540.0,579.0
3867,1,606.0,504.0
3868,1,681.0,432.0
3869,1,741.0,411.0
3870,1,783.0,372.0
3871,1,852.0,348.0
3872,1,903.0,339.0
3875,1,1014.0,381.0
3882,1,1242.0,669.0
3883,1,1263.0,726.0
3884,1,1356.0,948.0
3889,1,1527.0,1506.0
3890,1,1608.0,1782.0
3891,1,1719.0,2133.0
3892,0,,
3893,0,,
3900,1,2067.0,1854.0
3902,1,2064.0,1866.0
3903,1,1971.0,1596.0
3905,1,1818.0,1227.0
3924,1,1434.0,759.0
3925,1,1428.0,792.0
3927,1,1425.0,957.0
3928,0,,
3933,0,,
3934,0,,
3941,1,1374.0,777.0
3943,1,1368.0,777.0
3944,1,1359.0,783.0
3945,1,1353.0,786.0
3946,1,1356.0,813.0
3947,1,1344.0,825.0
3948,1,1332.0,849.0
3951,1,1137.0,879.0
3957,1,1074.0,1080.0
3959,1,1083.0,1080.0
3979,1,2133.0,1506.0
4003,1,3234.0,1722.0
4025,0,,
4026,0,,
4027,0,,
4028,0,,
4029,0,,
4030,0,,
4031,0,,
4036,0,,
4045,0,,
4050,0,,
4059,0,,
4060,0,,
4062,0,,
4066,0,,
4069,0,,
4077,0,,
4100,0,,
4106,0,,
4115,0,,
4117,0,,
4118,0,,
4129,0,,
4143,0,,
4150,0,,
4153,0,,
4156,0,,
4157,0,,
4159,0,,
4163,0,,
4166,0,,
4169,0,,
4170,0,,
4178,0,,
4194,0,,
4203,1,3267.0,1413.0
4208,0,,
4217,1,2976.0,1347.0
4221,0,,
4222,0,,
4223,0,,
4224,0,,
4242,0,,
4247,0,,
4255,0,,
4256,0,,
4257,0,,
4258,0,,
4259,0,,
4260,0,,
4261,0,,
4262,0,,
4267,0,,
4270,0,,
4271,0,,
4273,0,,
4274,0,,
4285,0,,
4287,0,,
4290,0,,
4292,0,,
4334,0,,
4335,0,,
4336,0,,
4337,1,2757.0,1113.0
4358,0,,
4379,1,1896.0,1227.0
4382,1,1569.0,1761.0
4383,0,,
4384,0,,
4385,0,,
4386,0,,
4387,0,,
4388,0,,
4389,0,,
4390,0,,
4394,0,,
4395,0,,
4396,0,,
4397,0,,
4398,0,,
4405,0,,
4409,0,,
4410,0,,
4411,0,,
4416,0,,
4417,0,,
4418,0,,
4419,0,,
4420,0,,
4421,0,,
4423,0,,
4426,0,,
4427,0,,
4428,0,,
4429,0,,
4430,0,,
4431,0,,
4432,0,,
4433,0,,
4434,0,,
4442,0,,
4450,0,,
4452,0,,
4466,0,,
4467,0,,
4468,0,,
4472,0,,
4473,0,,
4478,0,,
4479,1,1575.0,1422.0
4481,1,1572.0,1428.0
4495,1,1224.0,972.0
4497,0,,
4520,0,,
4522,0,,
4523,0,,
4524,0,,
4525,0,,
4526,0,,
4527,0,,
4528,0,,
4529,0,,
4530,0,,
4531,0,,
4532,0,,
4533,0,,
4534,0,,
4535,0,,
4536,0,,
4539,0,,
4546,1,2604.0,1314.0
4547,1,2676.0,1371.0
4549,1,2535.0,1287.0
4559,1,2121.0,1188.0
4571,1,2016.0,984.0
4573,1,2004.0,1014.0
4574,1,1989.0,933.0
4575,1,1974.0,873.0
4579,1,1863.0,507.0
4581,1,1863.0,516.0
4582,1,1845.0,474.0
4583,1,1824.0,429.0
4584,1,1806.0,372.0
4585,1,1773.0,339.0
4586,1,1761.0,312.0
4587,1,1731.0,294.0
4588,1,1701.0,276.0
4602,0,,
4622,1,2316.0,1302.0
4623,1,2385.0,1110.0
4641,1,1857.0,1587.0
4651,1,723.0,879.0
4652,1,651.0,816.0
4654,1,507.0,741.0
4655,0,,
4656,1,393.0,699.0
4657,1,387.0,681.0
4658,1,423.0,678.0
4659,1,453.0,681.0
4660,1,489.0,690.0
4661,1,525.0,699.0
4675,1,954.0,1137.0
4690,1,1134.0,879.0
4695,1,1326.0,783.0
4697,1,1317.0,777.0
4698,1,1359.0,783.0
4700,1,1464.0,807.0
4701,1,1527.0,816.0
4710,1,2544.0,1848.0
4711,0,,
4712,0,,
4720,0,,
4721,0,,
4722,0,,
4723,0,,
4724,0,,
4731,0,,
4735,0,,
4737,0,,
4743,0,,
4744,0,,
4759,0,,
4760,0,,
4767,0,,
4774,1,1455.0,903.0
4784,0,,
4807,1,1884.0,1689.0
4808,0,,
4849,1,1866.0,1863.0
4852,0,,
4875,1,2046.0,1368.0
4907,1,2106.0,1389.0
4926,1,2262.0,687.0
4935,1,2199.0,255.0
4943,1,2148.0,213.0
4966,1,1098.0,1266.0
4987,1,1056.0,798.0
5013,1,1689.0,1803.0
5014,1,1659.0,1761.0
5015,1,1695.0,1815.0
5047,1,2856.0,1143.0
5064,1,2214.0,1236.0
5085,1,1542.0,1284.0
5099,1,1266.0,1347.0
5111,0,,
5123,0,,
5130,0,,
5131,0,,
5141,0,,
5155,0,,
5178,0,,
5221,0,,
5234,0,,
5245,0,,
5248,0,,
5256,0,,
5293,0,,
5311,0,,
5314,0,,
5334,0,,
5351,1,411.0,1791.0
5394,1,315.0,2145.0
5405,0,,
5406,0,,
5416,0,,
5418,0,,
5419,0,,
5427,0,,
5430,0,,
5440,1,1853.7,1866.2
5442,0,,
5447,0,,
5450,1,1865.1,1864.0
5453,0,,
5454,0,,
5465,0,,
5466,0,,
5475,1,1863.0,1861.5
5476,0,,
5477,0,,
5479,0,,
5486,1,1864.0,1864.5
5488,0,,
5496,1,1476.0,1377.0
5522,1,1206.0,1263.0
5565,1,1582.8,1548.7
5568,0,,
5569,0,,
5570,0,,
5572,0,,
5585,1,1617.8,2262.6
5602,1,1689.0,1449.0
5611,1,1686.0,1440.0
5649,1,1356.0,1773.0
5662,0,,
5663,0,,
5664,0,,
5665,0,,
5666,0,,
5684,1,1342.4,1654.0
5697,1,1350.1,1637.7
5720,0,,
5756,1,1623.0,1206.0
5830,1,1346.3,1642.5
5873,1,1382.7,2295.1
5886,1,1346.5,1570.4
5904,0,,
5910,0,,
5911,0,,
5912,0,,
5916,0,,
5934,0,,
6018,1,2072.5,1101.7
6104,0,,
6172,1,1755.0,1431.0
6200,1,2190.0,93.0
6209,0,,
6214,0,,
6215,0,,
6216,0,,
6219,0,,
6226,1,1215.0,2121.0
6229,0,,
6231,0,,
6248,0,,
6265,0,,
6298,0,,
6343,0,,
6401,0,,
6445,0,,
6449,0,,
6453,0,,
6454,0,,
6456,0,,
6459,0,,
6460,0,,
6483,1,606.0,708.0
6501,1,1332.0,1377.0
6513,0,,
6515,0,,
6520,0,,
6522,0,,
6523,0,,
6525,0,,
6526,0,,
6532,0,,
6534,0,,
6535,0,,
6538,0,,
6540,0,,
6545,0,,
6546,0,,
6547,0,,
6548,0,,
6559,0,,
6560,0,,
6569,0,,
6570,0,,
6571,0,,
6572,0,,
6573,0,,
6574,0,,
6580,0,,
6581,0,,
6582,0,,
6583,0,,
6584,0,,
6593,0,,
6594,0,,
6595,0,,
6596,0,,
6597,0,,
6608,0,,
6610,0,,
6615,0,,
6616,0,,
6617,0,,
6618,0,,
6619,0,,
6620,0,,
6621,0,,
6632,0,,
6640,0,,
6645,0,,
6657,0,,
6658,0,,
6664,1,1986.0,2043.0
6665,1,1890.0,1923.0
6666,1,1797.0,1809.0
6680,0,,
6705,0,,
6753,0,,
6758,0,,
6761,0,,
6762,0,,
6763,0,,
6769,0,,
6774,0,,
6782,0,,
6783,0,,
6784,0,,
6785,0,,
6794,0,,
6795,0,,
6796,0,,
6797,0,,
6806,0,,
6807,0,,
6808,0,,
6809,0,,
6817,0,,
6818,0,,
6819,0,,
6820,0,,
6821,0,,
6831,0,,
6832,0,,
6833,0,,
6843,0,,
6844,0,,
6845,0,,
6863,0,,
6864,0,,
6865,0,,
6885,1,1260.0,1422.0
6886,1,1341.0,1527.0
6901,1,978.0,1197.0
6902,1,960.0,1173.0
6916,1,1005.0,1440.0
6934,0,,
6936,0,,
6937,0,,
6943,0,,
6944,0,,
6945,0,,
6947,0,,
6954,0,,
6960,0,,
6961,0,,
6982,1,1054.2,1508.6
7002,1,1015.8,1465.6
7011,0,,
7035,1,1248.0,387.0
7043,1,1563.0,315.0
7044,1,1680.0,351.0
7048,1,2883.0,1638.0
7057,0,,
7074,0,,
7075,0,,
7077,0,,
7078,0,,
7079,0,,
7081,0,,
7087,0,,
7173,1,2568.0,231.0
7198,0,,
7224,1,2313.0,1281.0
7266,0,,
7281,0,,
7295,1,2136.0,1587.0
7994,0,,
7996,0,,
8027,1,2019.0,1059.0
8028,1,2013.0,1020.0
8029,1,2010.0,987.0
